TaskName,GenerationTime,TaskID,TaskSize,CyclesPerBit,TransBitRate,DDL,SrcName,DstName
t0,3,0,49,3,41,59,n9,n1
t1,6,1,61,5,39,76,n3,n4
t2,7,2,14,10,55,60,n11,n7
t3,10,3,65,9,100,92,n2,n5
t4,14,4,81,10,74,78,n5,n2
t5,16,5,21,8,60,55,n7,n6
t6,18,6,26,10,87,52,n0,n2
t7,19,7,12,10,99,63,n8,n3
t8,20,8,43,2,35,73,n9,n0
t9,22,9,23,3,33,82,n0,n3
t10,24,10,37,8,49,67,n7,n6
t11,25,11,10,4,28,92,n9,n12
t12,26,12,24,6,30,86,n1,n10
t13,27,13,79,1,68,57,n11,n5
t14,32,14,25,2,21,57,n5,n2
t15,34,15,44,8,100,54,n2,n5
t16,39,16,13,6,24,84,n11,n7
t17,43,17,95,2,97,55,n0,n3
t18,46,18,29,10,59,89,n12,n7
t19,48,19,59,6,26,62,n7,n3
t20,53,20,79,9,72,90,n9,n0
t21,56,21,58,8,46,71,n3,n0
t22,57,22,69,2,51,98,n9,n7
t23,60,23,10,5,59,73,n0,n7
t24,62,24,13,8,79,73,n9,n12
t25,66,25,62,2,56,97,n12,n2
t26,71,26,74,6,95,70,n12,n4
t27,72,27,48,2,78,51,n4,n6
t28,74,28,89,8,50,92,n12,n1
t29,79,29,45,6,51,50,n5,n6
t30,84,30,95,10,69,64,n6,n7
t31,85,31,11,9,69,77,n9,n2
t32,87,32,10,5,67,65,n1,n6
t33,89,33,24,8,44,99,n9,n2
t34,90,34,42,4,67,75,n6,n3
t35,94,35,84,6,31,98,n9,n6
t36,95,36,51,7,97,82,n5,n10
t37,99,37,59,5,41,82,n9,n3
t38,102,38,83,4,62,82,n7,n6
t39,106,39,66,4,52,71,n12,n0
t40,108,40,50,4,59,92,n12,n6
t41,109,41,31,10,67,65,n0,n5
t42,111,42,66,7,70,79,n8,n1
t43,115,43,50,8,88,81,n10,n9
t44,118,44,48,6,96,91,n0,n9
t45,119,45,31,4,73,80,n5,n9
t46,123,46,44,10,71,77,n9,n11
t47,124,47,31,1,27,59,n10,n11
t48,126,48,67,10,92,73,n8,n6
t49,131,49,75,5,73,79,n0,n11
t50,136,50,12,8,20,52,n0,n7
t51,138,51,49,5,65,71,n10,n4
t52,143,52,40,5,47,56,n5,n8
t53,146,53,20,5,50,81,n8,n9
t54,147,54,50,4,42,90,n11,n1
t55,148,55,11,5,29,52,n12,n6
t56,152,56,20,9,22,89,n4,n1
t57,156,57,75,8,25,91,n4,n9
t58,159,58,97,2,64,57,n10,n6
t59,162,59,56,1,68,94,n10,n8
t60,165,60,46,5,96,52,n5,n2
t61,170,61,50,10,88,61,n12,n0
t62,173,62,74,8,35,92,n8,n0
t63,177,63,62,7,67,77,n11,n0
t64,180,64,60,2,63,80,n10,n3
t65,185,65,61,5,47,56,n8,n10
t66,189,66,33,10,73,87,n0,n4
t67,194,67,48,6,51,67,n8,n2
t68,198,68,90,7,87,52,n6,n2
t69,200,69,46,7,48,66,n2,n6
t70,205,70,83,4,92,83,n0,n1
t71,207,71,47,7,81,90,n1,n7
t72,211,72,56,10,60,58,n0,n6
t73,214,73,31,3,64,100,n11,n12
t74,218,74,54,3,23,67,n6,n8
t75,223,75,40,8,27,85,n8,n12
t76,226,76,81,9,21,81,n1,n2
t77,230,77,51,9,57,89,n12,n6
t78,234,78,35,8,83,74,n3,n2
t79,239,79,69,4,80,53,n2,n5
t80,244,80,49,9,33,67,n12,n9
t81,248,81,40,5,25,94,n4,n1
t82,252,82,97,9,42,74,n1,n10
t83,254,83,22,3,40,63,n0,n10
t84,256,84,88,5,85,68,n11,n9
t85,261,85,89,8,97,97,n1,n3
t86,266,86,64,7,26,85,n2,n1
t87,269,87,32,9,93,71,n8,n3
t88,270,88,70,7,97,91,n7,n0
t89,272,89,51,8,48,94,n10,n2
t90,274,90,28,6,95,96,n4,n1
t91,279,91,84,8,37,83,n7,n10
t92,283,92,69,2,20,73,n11,n8
t93,284,93,28,2,87,72,n6,n10
t94,289,94,21,3,59,81,n12,n6
t95,293,95,94,1,35,91,n5,n6
t96,295,96,75,7,55,75,n6,n12
t97,300,97,11,7,33,65,n0,n8
t98,304,98,90,9,69,74,n10,n3
t99,306,99,48,3,97,88,n2,n10
